Temperature (deg C),Storage Modulus (MPa),Loss Modulus (MPpa),Tan Delta
-80.03,1937,52.898,0.027296
-79.96,1937.4,52.973,0.027327
-79.909,1937.2,52.849,0.027264
-79.714,1937.6,52.299,0.026966
-79.683,1937.6,52.23,0.026929
-79.487,1940.3,51.964,0.026746
-79.433,1940.4,51.791,0.026652
-79.309,1941.7,51.467,0.026461
-79.224,1941.9,51.359,0.026394
-79.087,1943.5,51.55,0.026459
-78.946,1950.9,53.113,0.027197
-78.832,1952.3,53.299,0.027278
-78.682,1953.5,53.241,0.027238
-78.487,1954.7,53.824,0.027523
-78.339,1955.7,53.869,0.027535
-78.142,1956.7,52.939,0.027051
-77.993,1957.8,53.446,0.027294
-77.827,1958.7,54.206,0.027669
-77.656,1959.2,54.313,0.027716
-77.437,1973.3,55.326,0.028037
-77.286,1972.5,55.038,0.027902
-77.065,1971.7,55.401,0.028097
-76.874,1970.8,53.89,0.027345
-76.686,1970.2,54.387,0.027605
-76.382,1969.3,54.828,0.027841
-76.24,1968.8,55.146,0.028009
-76.011,1969,54.76,0.02781
-75.801,1968.3,54.059,0.027466
-75.602,1968.1,54.712,0.027799
-75.404,1968.7,54.509,0.027688
-75.151,1969.2,54.686,0.02777
-74.965,1969.8,55.695,0.028273
-74.706,1969.8,55.266,0.028056
-74.53,1970.3,55.228,0.02803
-74.205,1970.8,54.647,0.027728
-74.035,1971.2,54.529,0.027661
-73.666,1972.1,54.835,0.027805
-73.504,1972.4,54.724,0.027744
-73.249,1973.3,54.536,0.027636
-73.042,1973.9,54.367,0.027542
-72.815,1974.3,54.585,0.027647
-72.582,1975.1,54.756,0.027723
-72.34,1975.5,54.887,0.027783
-72.146,1975.5,54.581,0.027629
-71.871,1975.3,54.21,0.027444
-71.654,1975.3,54.42,0.027549
-71.469,1975,53.624,0.027151
-71.139,1974.9,54.022,0.027354
-70.911,1974.4,54.061,0.02738
-70.703,1974.1,54.042,0.027375
-70.44,1973.2,52.57,0.02664
-70.195,1972.8,52.945,0.026835
-70.016,1971.8,52.659,0.026704
-69.674,1971,53.212,0.026995
-69.458,1970.2,53.535,0.027172
-69.197,1968.8,52.981,0.026909
-69.011,1968,53.184,0.027024
-68.621,1966.1,53.022,0.026967
-68.481,1965.1,52.317,0.026623
-68.198,1963.5,52.539,0.026756
-68.006,1962.4,52.965,0.026989
-67.692,1960.5,52.19,0.026619
-67.493,1959.1,51.897,0.02649
-67.203,1957,52.178,0.02666
-67.07,1956.4,52.5,0.026833
-66.77,1954.5,52.699,0.026962
-66.577,1953.3,52.315,0.026781
-66.266,1950.9,51.559,0.026425
-66.049,1949.3,51.319,0.026324
-65.806,1947.9,51.25,0.026308
-65.499,1945.5,50.102,0.025752
-65.323,1945.1,50.917,0.026176
-65.048,1943.9,50.71,0.026085
-64.838,1943.6,50.357,0.025907
-64.605,1943.2,50.561,0.026018
-64.332,1941.9,50.143,0.02582
-64.14,1941.9,50.717,0.026115
-63.864,1941.9,49.967,0.02573
-63.645,1942.1,49.653,0.025566
-63.354,1941.8,49.14,0.025305
-63.145,1941.8,49.312,0.025393
-62.913,1942.3,50.167,0.025828
-62.666,1942.2,49.687,0.025582
-62.413,1942.3,50.518,0.026008
-62.2,1941.4,50.395,0.025959
-61.964,1940.7,50.055,0.025793
-61.719,1939.9,50.823,0.026199
-61.483,1938.8,50.541,0.02607
-61.216,1937.8,50.524,0.026073
-60.951,1936.4,48.56,0.025075
-60.734,1935.4,50.474,0.026078
-60.45,1933.6,49.498,0.025597
-60.233,1932.2,49.699,0.025718
-59.945,1928.5,49.636,0.025732
-59.751,1926.8,49.733,0.025808
-59.457,1924,49.607,0.025784
-59.24,1920.8,49.765,0.025906
-58.98,1918.2,48.883,0.025482
-58.681,1916.4,49.272,0.025709
-58.516,1915.4,49.884,0.026044
-58.216,1912.4,47.988,0.025095
-57.906,1910.3,47.589,0.024911
-57.792,1909.6,47.89,0.025076
-57.321,1908.1,49.321,0.025847
-57.112,1906.8,49.657,0.026038
-56.883,1906.6,50.407,0.026432
-56.694,1906.2,49.997,0.026224
-56.26,1906.3,49.28,0.025846
-56.1,1906.4,49.042,0.02572
-55.845,1906.9,48.339,0.025346
-55.506,1906,47.537,0.024933
-55.293,1906.1,47.528,0.024929
-55.017,1905.6,48.353,0.02537
-54.853,1904.7,48.022,0.025208
-54.559,1904.1,49.565,0.026026
-54.341,1902.9,49.377,0.025948
-54.083,1901.3,47.851,0.025161
-53.832,1898.8,47.663,0.025102
-53.626,1897.2,48.68,0.025664
-53.43,1896,48.02,0.025329
-53.149,1893.9,47.679,0.025177
-52.855,1891.8,47.361,0.025037
-52.653,1888.9,47.517,0.025155
-52.388,1886.5,48.499,0.025705
-52.199,1884.5,49.711,0.026379
-51.913,1881.6,49.68,0.02641
-51.639,1880.1,49.939,0.026568
-51.386,1877.5,48.735,0.025953
-51.086,1876,48.29,0.025745
-50.864,1874.8,48.554,0.025898
-50.62,1872.9,46.98,0.025083
-50.389,1873.6,46.83,0.024996
-50.14,1874.4,45.93,0.024505
-49.908,1871.1,46.16,0.024673
-49.629,1869.9,46.446,0.024843
-49.417,1868.9,46.814,0.025052
-49.106,1869.1,46.321,0.024787
-48.938,1868.8,46.072,0.024657
-48.654,1868.5,46.996,0.025157
-48.407,1867.9,46.275,0.024779
-48.068,1866.8,47.382,0.025391
-47.878,1865.2,47.41,0.025429
-47.612,1864,45.477,0.024403
-47.193,1862.9,45.017,0.024171
-47.06,1860.3,46.686,0.0251
-46.727,1857.2,48.101,0.025903
-46.479,1855.7,46.328,0.024964
-46.232,1854.4,46.504,0.025081
-46.025,1851.7,47.188,0.025487
-45.779,1846.4,45.215,0.024464
-45.445,1843.8,42.416,0.022984
-45.241,1843.1,44.374,0.024066
-45.013,1839.9,44.365,0.024103
-44.73,1838.4,42.421,0.023071
-44.523,1835.7,42.866,0.023343
-44.315,1833.7,41.618,0.022689
-43.984,1830.6,44.686,0.024396
-43.826,1829.3,44.24,0.024171
-43.534,1828.7,44.109,0.024111
-43.361,1829,45.124,0.024657
-43.034,1827.8,45.589,0.02493
-42.779,1827.3,45.436,0.024852
-42.453,1826.4,46.281,0.025328
-42.327,1827.1,48.491,0.026528
-42.015,1823.5,47.428,0.026009
-41.788,1823,46.843,0.025693
-41.481,1821.5,45.913,0.025201
-41.256,1820.3,46.942,0.025783
-41.11,1819.1,47.256,0.02597
-40.785,1816.1,47.6,0.026209
-40.556,1814.3,46.138,0.025414
-40.352,1812.9,46.097,0.025425
-40.113,1808.4,45.45,0.025124
-39.868,1805.5,42.752,0.023663
-39.525,1801.9,41.81,0.023199
-39.345,1800.5,44.165,0.024532
-39.114,1798,44.827,0.024936
-38.873,1797.3,46.06,0.025638
-38.545,1795,44.583,0.024846
-38.547,1795.1,44.565,0.024836
-38.201,1792.7,44.568,0.024867
-37.903,1790.3,44.371,0.02479
-37.4,1787.8,48.282,0.027024
-37.304,1787.3,46.448,0.026001
-36.921,1784.1,44.401,0.024892
-36.813,1783.2,44.877,0.025173
-36.587,1779.6,48.327,0.027165
-35.994,1771.4,51.87,0.029296
-35.787,1768.7,48.587,0.027496
-35.904,1771.1,47.915,0.027085
-35.261,1760.9,45.794,0.026028
-34.881,1757.8,45.487,0.025882
-34.92,1758.3,45.347,0.025797
-34.028,1748.7,51.656,0.029542
-33.964,1748.3,52.016,0.029752
-33.482,1744.7,54.048,0.030972
-33.007,1742.2,50.479,0.028972
-32.754,1736.8,50.45,0.029049
-32.793,1737.6,50.419,0.029018
-32.968,1740.7,50.214,0.028849
-32.557,1732,50.436,0.029116
-31.451,1714.8,51.57,0.030079
-31.015,1709.7,58.74,0.034262
-30.828,1706.7,55.783,0.032624
-30.583,1704.6,53.341,0.031262
-30.383,1703.6,52.183,0.030617
-30.474,1704.3,52.963,0.031053
-30.619,1705.5,54.355,0.031831
-29.99,1701.4,49.259,0.028962
-29.613,1699.2,48.175,0.028369
-29.154,1697.3,50.182,0.029596
-29.046,1697.3,49.846,0.029397
-28.464,1693.9,48.446,0.028615
-28.33,1690.9,50.065,0.029648
-28.592,1690,50.024,0.029638
-28.286,1690.9,50.107,0.029674
-27.714,1684.6,50.968,0.030296
-27.748,1685.2,50.938,0.030268
-27.247,1678.2,50.176,0.029929
-27.037,1674.5,50.231,0.030026
-26.909,1672.2,50.778,0.030391
-26.945,1672.8,50.704,0.030336
-27.242,1677.8,49.945,0.029802
-26.62,1666.6,52.404,0.031455
-25.982,1657.9,53.532,0.032324
-25.911,1657.3,53.327,0.032213
-25.828,1656.5,53.103,0.032092
-25.328,1648.1,53.629,0.032554
-24.894,1642,52.528,0.032012
-25.024,1644.1,52.606,0.032017
-24.876,1641.7,52.524,0.032015
-24.254,1631.9,53.12,0.032544
-24.026,1629.4,50.243,0.030811
-24.084,1630.3,50.46,0.030928
-23.912,1627.7,49.834,0.030592
-23.059,1616.4,49.125,0.030376
-22.636,1613.1,48.711,0.030201
-22.53,1613.3,49.477,0.030673
-22.793,1615.2,50.304,0.031141
-22.247,1611.2,51.836,0.032159
-22.079,1611.3,52.587,0.032621
-22.072,1611.3,52.619,0.032641
-21.479,1602.9,56.225,0.035114
-21.113,1596.8,56.129,0.035169
-20.865,1595.2,58.111,0.036442
-21.026,1598.3,56.918,0.035627
-20.999,1597.8,57.116,0.035762
-20.481,1590.2,61.089,0.038423
-20.332,1586.6,61.8,0.038962
-20.101,1580.6,62.423,0.039504
-19.931,1577.2,63.007,0.039951
-20.072,1580.5,62.897,0.039799
-19.591,1571.7,66.111,0.042085
-19.189,1559.3,66.21,0.042481
-19.086,1555.3,66.436,0.042754
-18.958,1549.9,66.234,0.042779
-18.753,1542.6,66.241,0.042991
-18.371,1534.7,65.145,0.042517
-18.417,1536,64.923,0.042338
-18.503,1538.5,64.511,0.042003
-17.638,1516.3,67.268,0.044376
-17.192,1505.3,69.347,0.046092
-16.944,1500.2,70.141,0.046791
-16.609,1488.8,72.097,0.048409
-17.002,1498.1,73.439,0.04893
-16.754,1491.8,72.305,0.048426
-16.132,1475.5,77.43,0.052632
-16.063,1473.8,77.893,0.05301
-15.565,1465.8,80.239,0.054895
-15.103,1456.8,79.453,0.054602
-14.755,1449.8,76.658,0.052852
-15.359,1461.6,74.242,0.050824
-14.657,1447.8,76.894,0.053085
-13.826,1425.8,84.991,0.059687
-13.419,1416.9,84.133,0.059447
-12.954,1402.8,86.674,0.061807
-12.76,1399,85.83,0.061398
-12.851,1400.8,86.132,0.061524
-12.887,1401.5,86.295,0.061604
-12.809,1400,85.971,0.061451
-12.528,1394.4,85.679,0.061508
-12.42,1391.5,87.088,0.062705
-12.127,1382.9,87.852,0.063705
-11.583,1366.5,93.363,0.068524
-11.462,1363.1,94.337,0.069405
-11.005,1350.2,97.305,0.072227
-10.871,1348.5,97.583,0.072538
-10.71,1345.3,97.857,0.072926
-10.725,1345.6,97.824,0.072883
-10.204,1330.9,100.33,0.07552
-10.238,1331.8,100.11,0.075303
-9.5966,1315.6,105.42,0.080237
-9.4015,1307.9,107.84,0.082516
-8.8598,1289.3,110.21,0.085641
-8.7108,1284.9,111.02,0.086572
-8.4727,1278.9,112.4,0.088025
-8.631,1283.8,111.68,0.087118
-8.6304,1283.8,111.69,0.087122
-7.9975,1263.1,114.2,0.090619
-7.6465,1250.3,115.57,0.092686
-7.7867,1255.7,114.82,0.091663
-6.9145,1222.4,121.83,0.099802
-6.7103,1214.8,122.66,0.10118
-6.5384,1208.6,123.67,0.10259
-6.1862,1194,126.2,0.10594
-5.8254,1181,127.01,0.10774
-5.6961,1173.9,128.41,0.1097
-5.4208,1162,130.53,0.11275
-5.4049,1162.1,130.64,0.11281
-5.0625,1149,133.24,0.11634
-4.8164,1137.7,135.43,0.11948
-4.825,1138.1,135.35,0.11937
-4.3265,1115.1,140.29,0.12637
-4.3133,1114.7,140.15,0.12627
-4.193,1108.6,140.97,0.12778
-4.028,1099.7,142.32,0.13016
-3.5175,1071.6,147.89,0.13878
-3.516,1071.5,147.9,0.1388
-3.1419,1051.9,150.1,0.14346
-3.012,1046.8,150.2,0.14423
-2.7915,1033.8,152.67,0.14827
-2.6771,1028.5,153.5,0.14979
-2.4779,1019.6,154.75,0.1524
-2.2545,1008.9,155.7,0.15495
-1.9562,992.51,157.46,0.15917
-1.8208,984.3,159.12,0.1624
-1.5287,968.37,160.7,0.1668
-1.472,965.09,161.18,0.16779
-0.99207,939.76,164.62,0.17606
-0.99456,939.89,164.62,0.17603
-0.50999,914.95,166.56,0.18317
-0.34893,907.33,167.79,0.18625
-0.10449,895.94,168.6,0.18958
0.16914,879,171.04,0.19602
0.41945,865.63,173.42,0.20182
0.66012,850.51,174.79,0.20689
0.90956,835.55,176.31,0.2127
1.0568,825.18,178.11,0.21759
1.5302,797.84,180.82,0.22863
1.6066,793.12,181.4,0.23081
1.9712,770.85,183.93,0.24102
2.1737,758.29,184.87,0.24633
2.5133,736.59,187.01,0.25623
2.8545,715.1,187.61,0.26489
3.0188,703.88,187.95,0.27004
3.2912,684.95,188.83,0.27856
3.6025,663.38,188.3,0.28673
3.8831,645.09,189.16,0.29616
4.1108,630.4,189.42,0.30358
4.3926,612.97,189.3,0.31208
4.6139,598.54,189.76,0.32031
4.8639,582.77,189.68,0.32901
5.2815,555.56,186.83,0.34058
5.4137,547.18,186.62,0.34511
5.7808,523.84,185.9,0.35892
5.9769,511.27,184.98,0.36578
6.2801,492.74,182.62,0.37475
6.6081,476.34,181.51,0.3852
6.7797,466.95,180.32,0.39092
7.1157,446.38,178.45,0.40366
7.4446,427.19,176.09,0.41723
7.7363,410.21,173.91,0.42929
7.9713,396.36,171.13,0.43772
8.2672,379.94,168.3,0.44935
8.6337,360.73,165.53,0.46508
8.7729,353.52,164.11,0.47047
9.1826,333.66,159.67,0.4855
9.413,321.56,157.43,0.49678
9.7307,305.08,153.59,0.51153
9.868,297.89,152.29,0.5184
10.303,276.38,147.11,0.53849
10.653,260.11,141.83,0.55302
10.919,248.65,138.68,0.56405
11.204,237.78,135.09,0.57646
11.426,228.03,131.88,0.58485
11.809,213.77,126.41,0.59866
11.923,209.61,124.95,0.60344
12.447,189.91,117.85,0.62679
12.654,183.47,115.19,0.63497
12.978,172.91,110.71,0.64632
13.24,165.44,107.34,0.6551
13.501,157.64,103.79,0.66348
13.727,152.27,101.17,0.66974
14.006,145.02,97.739,0.67897
14.364,135.93,93.195,0.69083
14.513,132.05,91.245,0.69644
14.896,123.03,86.589,0.70879
15.064,119.31,84.612,0.71437
15.319,113.73,81.711,0.72404
15.615,108.06,78.449,0.73139
15.868,103.02,75.494,0.73876
16.021,100.06,73.71,0.74208
16.439,92.925,69.427,0.75286
16.696,88.734,66.841,0.75839
17.078,82.318,62.969,0.769
17.143,81.125,62.293,0.77124
17.626,74.1,57.518,0.77837
17.766,72.419,56.279,0.77938
18.185,66.946,52.583,0.78668
18.382,64.906,51.023,0.78785
18.684,61.288,48.456,0.79193
18.916,59.05,46.806,0.79479
19.228,55.896,44.489,0.79749
19.467,53.697,42.776,0.79798
19.773,50.949,40.722,0.80056
20.107,48.078,38.54,0.80276
20.315,46.441,37.209,0.80244
20.665,43.947,35.332,0.80474
20.94,41.982,33.812,0.80599
21.248,39.912,32.244,0.80775
21.663,37.462,30.254,0.80678
21.783,36.726,29.655,0.80628
22.202,34.428,27.661,0.80271
22.372,33.583,26.993,0.80335
22.632,32.208,25.892,0.80348
23.079,30.135,24.135,0.79976
23.377,28.701,22.914,0.79729
23.776,26.897,21.455,0.79678
24.229,25.018,19.815,0.791
24.398,24.404,19.301,0.78991
24.728,23.201,18.285,0.78743
25.007,22.161,17.469,0.78701
25.141,21.714,17.1,0.78561
25.447,20.642,16.226,0.78423
25.567,20.231,15.883,0.78326
25.993,18.829,14.657,0.77734
26.12,18.459,14.344,0.77574
26.337,17.774,13.798,0.77482
26.623,16.936,13.109,0.77198
26.902,16.223,12.495,0.76875
27.085,15.686,12.044,0.76649
27.448,14.871,11.387,0.76409
27.583,14.531,11.111,0.76308
27.875,13.885,10.548,0.75811
28.087,13.449,10.179,0.75562
28.369,12.848,9.7238,0.75517
28.522,12.515,9.4518,0.75365
28.835,11.93,8.963,0.74959
29.105,11.421,8.5291,0.74519
29.227,11.212,8.3603,0.74401
29.686,10.471,7.7717,0.7406
29.737,10.391,7.706,0.73992
30.036,9.901,7.2928,0.73481
30.31,9.5159,6.9747,0.73073
30.593,9.1234,6.6554,0.7272
30.901,8.7078,6.3113,0.72269
31.144,8.4209,6.0792,0.71939
31.332,8.1494,5.8589,0.71681
31.673,7.7559,5.5392,0.71238
31.842,7.5762,5.3949,0.71047
32.221,7.1901,5.0762,0.70407
32.498,6.9135,4.8553,0.70021
32.786,6.6372,4.6285,0.69569
32.88,6.5471,4.5558,0.69444
33.311,6.155,4.257,0.69007
33.531,5.9831,4.1243,0.68784
33.768,5.8006,3.9818,0.68506
34.154,5.5144,3.7612,0.68069
34.314,5.3882,3.6705,0.67991
34.587,5.1952,3.5257,0.67745
34.888,5.0025,3.3733,0.67329
35.065,4.889,3.2837,0.67076
35.456,4.6524,3.1075,0.66668
35.698,4.5058,3.0043,0.66554
35.874,4.4012,2.9292,0.66448
36.229,4.2062,2.7792,0.65938
36.466,4.0713,2.6958,0.66147
36.84,3.8872,2.5881,0.66812
36.945,3.8555,2.5629,0.66737
37.424,3.7535,2.4659,0.66043
37.559,3.7737,2.465,0.65706
37.947,3.9296,2.5092,0.64324
38.054,3.9133,2.4898,0.64145
39.068,4.0411,2.4953,0.62421
39.207,4.0528,2.4975,0.62295
39.582,4.2267,2.579,0.61719
39.857,4.2948,2.5843,0.6058
40.142,4.3399,2.5785,0.59568
40.384,4.3311,2.5547,0.59007
40.662,4.2882,2.5129,0.58548
40.786,4.2665,2.4892,0.58303
41.204,4.1662,2.4122,0.57839
41.336,4.1322,2.3917,0.5782
41.742,4.0261,2.3199,0.57562
41.897,3.988,2.2911,0.57388
42.156,3.9238,2.2428,0.57084
42.414,3.8522,2.1921,0.56843
42.702,3.7851,2.1374,0.5639
42.89,3.7362,2.1077,0.56347
43.355,3.6407,2.0347,0.55823
43.592,3.5899,2.0019,0.55717
43.779,3.5506,1.9778,0.55668
44.164,3.4796,1.9309,0.55475
44.388,3.4413,1.907,0.55394
44.82,3.3701,1.8566,0.55077
44.903,3.3547,1.8473,0.55061
45.185,3.2986,1.8151,0.55028
45.495,3.2497,1.7773,0.54685
45.992,3.17,1.7273,0.54464
45.93,3.1806,1.7342,0.545
46.361,3.1033,1.6862,0.54295
46.566,3.0645,1.664,0.54245
46.857,3.0137,1.6248,0.53838
47.055,2.9869,1.6055,0.53691
47.264,2.952,1.5784,0.53409
47.553,2.9037,1.5449,0.53139
47.721,2.8799,1.5292,0.53036
48.034,2.8291,1.4939,0.52741
48.321,2.7963,1.4668,0.52417
48.476,2.7749,1.45,0.52224
48.772,2.7367,1.426,0.52082
48.991,2.7106,1.408,0.51913
49.238,2.6743,1.3831,0.51694
49.523,2.6446,1.3607,0.51426
49.692,2.6276,1.3456,0.51187
50.035,2.5901,1.3258,0.5116
50.182,2.5712,1.3119,0.50987
50.557,2.5282,1.283,0.50712
50.706,2.5104,1.2732,0.50674
51.077,2.4599,1.2423,0.5046
51.316,2.4321,1.2224,0.50224
51.583,2.3974,1.1995,0.49993
51.748,2.376,1.1855,0.49862
52.096,2.3291,1.1568,0.4964
52.32,2.3028,1.1422,0.49584
52.461,2.2855,1.1316,0.49501
52.823,2.2343,1.1036,0.49368
53.03,2.2056,1.0861,0.49218
53.28,2.1735,1.0677,0.49108
53.568,2.1407,1.0538,0.49215
53.763,2.1159,1.0378,0.49028
54.042,2.0834,1.0185,0.4887
54.211,2.0661,1.0091,0.48828
54.504,2.0314,0.99151,0.48799
54.812,1.997,0.97321,0.48714
55.05,1.9687,0.95945,0.48724
55.276,1.9412,0.94848,0.48861
55.676,1.8913,0.91986,0.48645
55.855,1.8675,0.90684,0.48557
56.193,1.8275,0.88797,0.48593
56.286,1.8144,0.8828,0.48668
56.733,1.7537,0.85077,0.48526
56.867,1.7366,0.84446,0.48649
57.26,1.6837,0.8168,0.48494
57.441,1.6597,0.80373,0.48408
57.771,1.6134,0.7818,0.48444
58.027,1.576,0.76348,0.48393
58.277,1.5401,0.74372,0.4824
58.54,1.5052,0.72278,0.47987
58.774,1.4746,0.70665,0.47891
59.096,1.4335,0.68727,0.47899
59.317,1.4055,0.67448,0.47971
59.489,1.3834,0.66528,0.48121
59.898,1.3402,0.64258,0.47955
60.05,1.3242,0.63428,0.47933
60.438,1.2887,0.61985,0.48134
60.631,1.2693,0.60522,0.47672
60.932,1.242,0.59096,0.47587
61.139,1.2253,0.58382,0.47649
61.583,1.1879,0.56812,0.47827
62.044,1.1534,0.55178,0.47831
61.901,1.1638,0.55622,0.47774
62.659,1.1105,0.53024,0.4776
62.717,1.1063,0.52878,0.47811
63.133,1.0768,0.51475,0.47807
63.372,1.06,0.50364,0.47499
63.607,1.0396,0.4916,0.473
63.877,1.0199,0.48185,0.47233
64.112,1.0011,0.47256,0.47172
64.307,0.98635,0.46733,0.47333
64.582,0.96647,0.45731,0.47256
64.772,0.95253,0.44807,0.47001
65.077,0.93037,0.4368,0.46913
65.266,0.91834,0.42994,0.46793
65.496,0.90446,0.42438,0.46874
66.798,0.81546,0.37741,0.46295
66.958,0.80333,0.37197,0.46309
67.32,0.78405,0.36248,0.46219
67.471,0.77683,0.35803,0.46062
67.747,0.7637,0.35064,0.45876
68.002,0.75191,0.34468,0.45808
68.362,0.73218,0.33332,0.4547
68.492,0.72579,0.32989,0.45404
68.896,0.71008,0.32027,0.4506
68.986,0.70703,0.31776,0.44902
69.292,0.69318,0.31048,0.44761
69.691,0.67698,0.30181,0.44547
69.754,0.67416,0.30067,0.44568
70.332,0.65387,0.2873,0.43917
70.431,0.6486,0.28508,0.43937
70.803,0.6343,0.27851,0.43868
70.89,0.63089,0.27691,0.43852
71.296,0.6165,0.26783,0.43435
71.462,0.61155,0.2649,0.43292
71.733,0.60259,0.25894,0.42912
72.145,0.58882,0.24952,0.42285
72.182,0.58781,0.24903,0.42275
72.806,0.57172,0.24196,0.42258
73.396,0.55715,0.23123,0.4145
73.819,0.5444,0.22566,0.41443
73.947,0.54098,0.22421,0.41436
75.027,0.51689,0.2146,0.41552
75.167,0.5144,0.21379,0.41583
75.49,0.50702,0.21219,0.41854
76.223,0.48892,0.20475,0.41888
76.347,0.48587,0.2026,0.41693
76.751,0.47546,0.19875,0.41759
77.275,0.46857,0.19614,0.41824
77.995,0.45569,0.1859,0.40778
78.475,0.44539,0.18189,0.40782
78.689,0.44138,0.18039,0.4079
79.004,0.43599,0.17471,0.40015
79.141,0.43386,0.17272,0.39758
79.536,0.42863,0.16926,0.39438
79.787,0.42536,0.16764,0.39349
